{"anna.baumann": {"action_coherence_percent": {"user_count": 16, "m_count": 16, "user_mean": 0.976388888888889, "user_sd": 0.052411006289203345, "m_mean": 0.982638888888889, "m_std": 0.048511803323813836, "t_statistic": -0.35005942871298507, "critical_value": 1.6972608943617378, "p_value": 0.728739927806666}, "citation_correct_percent": {"user_count": 16, "m_count": 16, "user_mean": 0.9153251262626264, "user_sd": 0.19128209687231315, "m_mean": 0.951388888888889, "m_std": 0.1296957503325417, "t_statistic": -0.6241952170101043, "critical_value": 1.6972608943617378, "p_value": 0.5372176079143154}, "grammar_percent": {"user_count": 16, "m_count": 16, "user_mean": 0.9109848484848486, "user_sd": 0.14565111343741927, "m_mean": 0.8285195707070707, "m_std": 0.2159064911878062, "t_statistic": 1.2665450965775926, "critical_value": 1.6972608943617378, "p_value": 0.21506382709800254}, "factual_correctness_percent": {"user_count": 16, "m_count": 16, "user_mean": 1.0, "user_sd": 0.0, "m_mean": 1.0, "m_std": 0.0, "t_statistic": 0, "critical_value": 1.6972608943617378, "p_value": 1.0}, "exhaustive_information_percent": {"user_count": 16, "m_count": 16, "user_mean": 0.8911616161616163, "user_sd": 0.12138455748082973, "m_mean": 0.8935448232323233, "m_std": 0.1119892969526969, "t_statistic": -0.05772087612670933, "critical_value": 1.6972608943617378, "p_value": 0.9543537194594638}, "identical_information_percent": {"user_count": 16, "m_count": 16, "user_mean": 0.9841269841269842, "user_sd": 0.04375888492727057, "m_mean": 1.0, "m_std": 0.0, "t_statistic": -1.4509525002200174, "critical_value": 1.6972608943617378, "p_value": 0.15717003152381515}, "lexical_correctness_percent": {"user_count": 16, "m_count": 16, "user_mean": 0.8203327922077923, "user_sd": 0.20557651779906608, "m_mean": 0.8140602453102452, "m_std": 0.1931429390111715, "t_statistic": 0.08894886684044823, "critical_value": 1.6972608943617378, "p_value": 0.929713708845997}, "syntactic_correctness_percent": {"user_count": 16, "m_count": 16, "user_mean": 0.9431029040404041, "user_sd": 0.1026481954623677, "m_mean": 0.9434974747474747, "m_std": 0.09274646687783455, "t_statistic": -0.011408543746356893, "critical_value": 1.6972608943617378, "p_value": 0.990973028167166}, "linguistic_difference_percent": {"user_count": 16, "m_count": 16, "user_mean": 0.7000000000000001, "user_sd": 0.21908902300206645, "m_mean": 0.6125, "m_std": 0.27294688127912364, "t_statistic": 1.0000000000000002, "critical_value": 1.6972608943617378, "p_value": 0.32530861542602985}, "content_similarity_percent": {"user_count": 16, "m_count": 16, "user_mean": 0.775, "user_sd": 0.14375905768565217, "m_mean": 0.8125, "m_std": 0.16278820596099708, "t_statistic": -0.6906748888732966, "critical_value": 1.6972608943617378, "p_value": 0.49507949208500435}, "overall_quality_percent": {"user_count": 16, "m_count": 16, "user_mean": 0.7125, "user_sd": 0.1627882059609971, "m_mean": 0.5625, "m_std": 0.2604483314082341, "t_statistic": 1.9535235900702943, "critical_value": 1.6972608943617378, "p_value": 0.06013860403167781}}, "anton.rothe": {"action_coherence_percent": {"user_count": 13, "m_count": 13, "user_mean": 0.968919968919969, "user_sd": 0.048872875341169575, "m_mean": 0.9837606837606837, "m_std": 0.03970451162166473, "t_statistic": -0.8497761967609273, "critical_value": 1.7108820799094275, "p_value": 0.40384725412335243}, "citation_correct_percent": {"user_count": 13, "m_count": 13, "user_mean": 0.8923076923076922, "user_sd": 0.14964873929479977, "m_mean": 0.9410256410256411, "m_std": 0.14217480512972477, "t_statistic": -0.8509674592144559, "critical_value": 1.7108820799094275, "p_value": 0.40319821363846087}, "grammar_percent": {"user_count": 13, "m_count": 13, "user_mean": 0.8705905205905206, "user_sd": 0.14312697567946214, "m_mean": 0.8458430458430458, "m_std": 0.22765345531088388, "t_statistic": 0.331817357393206, "critical_value": 1.7108820799094275, "p_value": 0.742907506575577}, "factual_correctness_percent": {"user_count": 13, "m_count": 13, "user_mean": 0.9776223776223776, "user_sd": 0.05898771696105913, "m_mean": 1.0, "m_std": 0.0, "t_statistic": -1.3678045034146942, "critical_value": 1.7108820799094275, "p_value": 0.18404557211506267}, "exhaustive_information_percent": {"user_count": 13, "m_count": 13, "user_mean": 0.9767676767676767, "user_sd": 0.04434101831848076, "m_mean": 0.9097902097902099, "m_std": 0.12417628787435837, "t_statistic": 1.831479666843178, "critical_value": 1.7108820799094275, "p_value": 0.07947084358435386}, "identical_information_percent": {"user_count": 13, "m_count": 13, "user_mean": 0.9767676767676767, "user_sd": 0.04434101831848076, "m_mean": 0.9930069930069931, "m_std": 0.02521364528296497, "t_statistic": -1.14788391268421, "critical_value": 1.7108820799094275, "p_value": 0.26233017912553525}, "lexical_correctness_percent": {"user_count": 13, "m_count": 13, "user_mean": 0.8674825174825176, "user_sd": 0.11193214001437615, "m_mean": 0.8751748251748251, "m_std": 0.17109088679651765, "t_statistic": -0.13565491416145947, "critical_value": 1.7108820799094275, "p_value": 0.8932254897533196}, "syntactic_correctness_percent": {"user_count": 13, "m_count": 13, "user_mean": 0.9442890442890444, "user_sd": 0.07824735391932218, "m_mean": 0.9774669774669775, "m_std": 0.04308327428173479, "t_statistic": -1.3392194691679666, "critical_value": 1.7108820799094275, "p_value": 0.1930454270558295}, "linguistic_difference_percent": {"user_count": 13, "m_count": 13, "user_mean": 0.6461538461538462, "user_sd": 0.20254787341673333, "m_mean": 0.7153846153846154, "m_std": 0.2640901167094099, "t_statistic": -0.7499999999999997, "critical_value": 1.7108820799094275, "p_value": 0.460544364666988}, "content_similarity_percent": {"user_count": 13, "m_count": 13, "user_mean": 0.8153846153846155, "user_sd": 0.17246329970051522, "m_mean": 0.823076923076923, "m_std": 0.17394369852458083, "t_statistic": -0.11322770341445754, "critical_value": 1.7108820799094275, "p_value": 0.9107918496375007}, "overall_quality_percent": {"user_count": 13, "m_count": 13, "user_mean": 0.6307692307692309, "user_sd": 0.17974340685458345, "m_mean": 0.6538461538461539, "m_std": 0.27268841992093173, "t_statistic": -0.25476233268253307, "critical_value": 1.7108820799094275, "p_value": 0.8010770164290055}}, "emma.carballal-haire": {"action_coherence_percent": {"user_count": 15, "m_count": 15, "user_mean": 0.932962962962963, "user_sd": 0.11048367821125252, "m_mean": 0.9888888888888889, "m_std": 0.043033148291193514, "t_statistic": -1.8267932458409633, "critical_value": 1.701130934265931, "p_value": 0.07841002265180541}, "citation_correct_percent": {"user_count": 15, "m_count": 15, "user_mean": 0.9611111111111111, "user_sd": 0.08516505398197718, "m_mean": 0.9481481481481482, "m_std": 0.13357561761123699, "t_statistic": 0.3169215023519252, "critical_value": 1.701130934265931, "p_value": 0.7536541454505912}, "grammar_percent": {"user_count": 15, "m_count": 15, "user_mean": 0.9633838383838386, "user_sd": 0.06840358621505828, "m_mean": 0.8221380471380472, "m_std": 0.21968912565541612, "t_statistic": 2.3774943117331873, "critical_value": 1.701130934265931, "p_value": 0.024498322566639974}, "factual_correctness_percent": {"user_count": 15, "m_count": 15, "user_mean": 1.0, "user_sd": 0.0, "m_mean": 1.0, "m_std": 0.0, "t_statistic": 0, "critical_value": 1.701130934265931, "p_value": 1.0}, "exhaustive_information_percent": {"user_count": 15, "m_count": 15, "user_mean": 0.9367676767676768, "user_sd": 0.10553349396963771, "m_mean": 0.8938552188552189, "m_std": 0.11591281100561834, "t_statistic": 1.0602274952769408, "critical_value": 1.701130934265931, "p_value": 0.29810150208181097}, "identical_information_percent": {"user_count": 15, "m_count": 15, "user_mean": 0.9939393939393939, "user_sd": 0.02347262634065102, "m_mean": 0.993939393939394, "m_std": 0.023472626340651028, "t_statistic": -1.2953262784141138e-14, "critical_value": 1.701130934265931, "p_value": 0.9999999999999898},